"","S1.mean","S2.mean","S3.mean","S4.mean","GC.mean","PB.mean","NBC.mean","MBC.mean","dropout","Special"
"AMPL130598",0.838780119660289,0.850365719402003,0.820594619365203,0.835567106385669,0.689950867198991,0.793846504507547,0.838468831398471,0.643017471760837,0.164437194127243,"Normal"
"AMPL130599",0.844214966103265,0.882820086508152,0.857820272485155,0.894743951585843,0.453567854999924,0.706941729267414,0.776967714140376,0.355733697057708,0.00554649265905383,"Normal"
"AMPL130603",0.933852289393069,0.914987454458461,0.883731593405386,0.893678047502003,0.544423942086915,0.715755108674984,0.808563845931738,0.412069448563879,0.144698205546493,"Normal"
"AMPL130604",0.130456472903315,0.118468594288578,0.157180571227884,0.161883667558085,0.255283400606374,0.186542106482004,0.152135344573454,0.517575896908085,0.177814029363785,"Normal"
"AMPL130612",0.901033893242936,0.901177881372747,0.881110625379582,0.900911655576239,0.750657902711017,0.832398986607462,0.875339136827266,0.692523228665332,0.196574225122349,"Normal"
"AMPL130613",0.825292125630377,0.847618972952774,0.824954830458288,0.832389267407791,0.42128473381826,0.70657281048564,0.823113779471994,0.238796017676704,0.239477977161501,"Normal"
"AMPL130614",0.508807597142796,0.446038512510097,0.426780908081443,0.458152539560761,0.052654153164414,0.076484076982924,0.08912229700561,0.060688880533505,0.108972267536705,"Special"
"AMPL130617",0.559519338443981,0.600142440979242,0.562205990187326,0.582885563759285,0.535314862506541,0.6275357816418,0.676422517997305,0.503120777503262,0.100815660685155,"Normal"
"AMPL130620",0.863366092387857,0.899017150949007,0.872079991437169,0.887539719112258,0.759509012722936,0.867182647704385,0.887659460026095,0.667216014441698,0.0292006525285481,"Normal"
"AMPL130621",0.820501689231589,0.7915636597903,0.541338817214264,0.412290147001415,0.140406992660269,0.275483079742608,0.343613803032016,0.068513212076682,0.0481239804241436,"Normal"
"AMPL130622",0.509115572960662,0.5424514578825,0.523050289898572,0.576933434454734,0.161413750700578,0.136538828779626,0.13762859082779,0.294023114616715,0.0177814029363784,"Special"
"AMPL130627",0.578483839327802,0.665112711727009,0.649906690667399,0.704680733161202,0.112544391403972,0.138983626545842,0.156749238717519,0.12194730543956,0.176345840130506,"Special"
"AMPL130633",0.64457028057107,0.796317915822779,0.775720787641857,0.858360808260163,0.889447842175295,0.86290025845741,0.860899601141841,0.827240852373644,0.0399673735725938,"Normal"
"AMPL130635",0.931500473641365,0.939113455540283,0.922190898808668,0.94270462269607,0.88840498411181,0.834681947466435,0.915427856867161,0.836202086393531,0.000652528548124032,"Normal"
"AMPL130638",0.869765727095811,0.885162807976872,0.838869885585496,0.841494729192517,0.280519625492093,0.605311190063017,0.776968559957457,0.554634364630937,0.163784665579119,"Normal"
"AMPL130639",0.882168584126341,0.90467274482031,0.891877765632403,0.919034392144641,0.450542868678949,0.732772810192362,0.861246197315741,0.237478216303122,0.0422512234910277,"Normal"
"AMPL130640",0.745284947511372,0.774125374363614,0.688603703462594,0.623632734818643,0.064610501402284,0.06589221426331,0.068922542129791,0.070924417928064,0.000652528548124032,"Normal"
"AMPL130642",0.729004226332096,0.396735137951431,0.323709748259905,0.346474760640838,0.162261271926692,0.152970740091983,0.150481223484571,0.272735969234643,0.0212071778140294,"Special"
"AMPL130643",0.823463204543351,0.878573087989137,0.733140332091917,0.56953434815239,0.085834503970564,0.182174453522115,0.226815030698957,0.331794566912882,0.000815660685154929,"Normal"
"AMPL130645",0.667675788869894,0.759673835875613,0.711434863235906,0.794353469707239,0.303466977894189,0.621704908735661,0.801054824179182,0.282902054594453,0.0026101141924959,"Normal"
"AMPL130646",0.482434351287583,0.615527449763664,0.597024535500628,0.58815494464093,0.371963010390012,0.416326355873069,0.450863929999718,0.275593512946167,0.00995106035889071,"Normal"
"AMPL130648",0.74757146946027,0.551779643604129,0.468753871451161,0.467052103625273,0.172728422218348,0.276093086455694,0.349641330167233,0.163534341085029,0.146492659053834,"Normal"
"AMPL130649",0.955362475236221,0.953196898094012,0.943417887915971,0.95282042214539,0.644890194890374,0.816223760419205,0.922991942096531,0.83411761474649,0.140293637846656,"Normal"
"AMPL130650",0.783189025242004,0.475727343960924,0.400221136169365,0.353175218535752,0.058760727671605,0.123462015327506,0.161028983863323,0.07216244089206,0.0848287112561175,"Normal"
"AMPL130651",0.915486588468408,0.886695779573616,0.848697678171069,0.844074654755707,0.440792521097828,0.680715549282861,0.810221137742622,0.366695281850814,0.156606851549755,"Normal"
"AMPL130654",0.851363920830531,0.887683893287101,0.867911049873192,0.885952930592216,0.461974490717777,0.657190262497064,0.74614088673439,0.290959743707196,0.00619902120717786,"Normal"
"AMPL130667",0.924949741420241,0.915430705195586,0.882087430950542,0.896736780750123,0.638063138754256,0.757355062033799,0.859476152745947,0.517806530068461,0.00326264274061994,"Normal"
"AMPL130668",0.619085356568066,0.314959760150143,0.145191310732326,0.118442820591742,0.069456170304562,0.07251873058446,0.074120352223691,0.076816915186096,0.16068515497553,"Normal"
"AMPL130669",0.910770813447625,0.93606165509407,0.922531082650964,0.930219288119625,0.834099858117857,0.875155805910524,0.908483373913702,0.734365872542648,0.00130505709624795,"Normal"
"AMPL130671",0.394827010192332,0.451860852316355,0.461046537928701,0.47459158550376,0.519866148839086,0.437319112968423,0.413139551576562,0.609629100970402,0.00146818923327896,"Normal"
"AMPL130672",0.665259062302569,0.716252284238836,0.731594663323454,0.761307567091183,0.129312630212463,0.144656044808925,0.150998312657554,0.160346825727743,0.152365415986949,"Special"
"AMPL130676",0.856067592476224,0.502764456508549,0.120055575930582,0.114851796309097,0.58389024543538,0.28210517850782,0.177454212667706,0.853577917839338,0.108972267536705,"Normal"
"AMPL130680",0.863690627467512,0.864671417920014,0.837754348488127,0.850673060133134,0.68446698641942,0.772597276956997,0.838154697791306,0.613443823236017,0.0145187601957586,"Normal"
"AMPL130681",0.375310514298654,0.392984473559918,0.366398416689923,0.403943442914043,0.120617367416669,0.294383269769049,0.373817805740014,0.102359527147488,0.0363784665579119,"Normal"
"AMPL130695",0.896026176955993,0.931161703257526,0.911024166816808,0.927613662290408,0.141314684617292,0.60164862409501,0.83748316825012,0.515285571266039,0.00538336052202282,"Normal"
"AMPL130696",0.882484816964364,0.93355944748135,0.920982973369369,0.937102703375676,0.598443565813006,0.828870217146426,0.911257466536185,0.551270675606216,0.0048939641109299,"Normal"
"AMPL130698",0.517387916412321,0.55094046176095,0.524956309237916,0.573874451405113,0.318124451305489,0.296312905793157,0.290062960502441,0.392691365273675,0.105383360522023,"Special"
"AMPL130703",0.497674789828218,0.785066132098681,0.784623922009317,0.79326747177919,0.260114732380842,0.643892370893315,0.829872453977559,0.248354751085677,0.0197389885807504,"Normal"
"AMPL130704",0.178877114836298,0.184450309828063,0.163366994028065,0.191787873066374,0.212234073214301,0.186639745360612,0.18056396593066,0.51837050964002,0.00309951060358893,"Normal"
"AMPL130706",0.807233006436946,0.802143054502377,0.761459505746435,0.790989072245074,0.602315489692139,0.698458641740662,0.75705296450726,0.546899373130427,0.068352365415987,"Normal"
"AMPL130707",0.907233527596114,0.924594501506685,0.91249736953485,0.925604706305502,0.504845058796454,0.778142481007723,0.870562371067426,0.309446928409354,0.00913539967373578,"Normal"
"AMPL130708",0.801463860715977,0.828571962394963,0.800699225831982,0.80789801745478,0.501366813927813,0.638364497312997,0.713943700692779,0.37805293462779,0.0145187601957586,"Normal"
"AMPL130716",0.725431000344311,0.685874080633574,0.603969600318145,0.638653746196882,0.584888996522429,0.404114981114651,0.345293253905468,0.763663367371668,0.00424143556280587,"Normal"
"AMPL130718",0.293208404830842,0.423761424054698,0.233432160051181,0.237611770028128,0.516188954622761,0.446156365454399,0.425878880608535,0.774559455153473,0.189396411092985,"Normal"
"AMPL130720",0.871701567864048,0.897850555993909,0.869369491705469,0.893110785115351,0.62241221607423,0.782316434977817,0.869678658199671,0.445148184022745,0.0672104404567699,"Normal"
"AMPL130724",0.885493998628833,0.90465070154646,0.892901278951785,0.910708989480361,0.523945074616562,0.765565018957435,0.847883175181936,0.199902403565623,0.117455138662316,"Normal"
"AMPL130726",0.83345492878762,0.919514808938916,0.914445984575946,0.933287512986036,0.385825419035217,0.617773573604971,0.726110759899089,0.446484409196376,0.00636215334420875,"Normal"
"AMPL130727",0.931929580241604,0.76843196300879,0.508589785269765,0.531469929899036,0.343129225573593,0.458938262127511,0.521339663274787,0.419111528846587,0.0048939641109299,"Normal"
"AMPL130731",0.907236278041106,0.927551906826425,0.908096977312207,0.923658852609578,0.839027655546844,0.847773600302894,0.870407408547589,0.740469914972154,0.0593800978792822,"Normal"
"AMPL130734",0.543739707973746,0.183703531956521,0.179283734548166,0.204900460735389,0.157560067595704,0.204864295301375,0.230340566344621,0.201643494895404,0.00277324632952691,"Normal"
"AMPL130735",0.106762195606449,0.197884859203012,0.230354638928411,0.240513818067795,0.46099774762608,0.253278197238807,0.16772836046653,0.514608208026331,0.0210440456769984,"Normal"
"AMPL130737",0.894977445671149,0.887307031060355,0.879173722370374,0.883665365262303,0.096197291180359,0.242872285575189,0.332012207479263,0.18581125792546,0.0908646003262643,"Normal"
"AMPL130738",0.775427526527858,0.881530136536092,0.843669438304502,0.868872984249456,0.478706464132524,0.684224616480059,0.770985400691377,0.279594775594797,0.00783034257748771,"Normal"
"AMPL130739",0.803889281882385,0.853959078768558,0.849710981381418,0.893529860720906,0.704757762883371,0.816359175646305,0.878178263032139,0.57481493195067,0.147960848287113,"Normal"
"AMPL130744",0.767308020742207,0.816466770276179,0.779768509816385,0.777480626813793,0.578855204891892,0.716590777699119,0.809962616352719,0.444121993154842,0.0270799347471452,"Normal"
"AMPL130745",0.452673909077533,0.496550557912784,0.411059820631598,0.424834442583268,0.075035619590039,0.107818510281539,0.12376655818536,0.158934952523814,0.16394779771615,"Normal"
"AMPL130751",0.48720998816055,0.425673211802252,0.404254489393461,0.406679476167899,0.16587810999352,0.193500169996938,0.205461844080516,0.120603856577901,0.067047308319739,"Normal"
"AMPL130760",0.925057826111055,0.931612755283027,0.920486595147749,0.933109484124179,0.767894449072909,0.872231981933878,0.912311882711043,0.743724253266396,0,"Normal"
"AMPL130761",0.909151730762726,0.916466509506012,0.802019104752688,0.815234051520406,0.146093457663212,0.302397536617714,0.388607787456614,0.115438214834847,0.000163132137031008,"Normal"
"AMPL130762",0.855983393129064,0.912911040968073,0.830897838991199,0.853720138340249,0.093894381644663,0.458081207524536,0.642420174268021,0.388216568752244,0.14747145187602,"Normal"
"AMPL130763",0.940692104011332,0.921186767141006,0.892383432855178,0.909863383848528,0.807017631342547,0.836190485100261,0.879403303866684,0.751123836128054,0.00228384991843389,"Normal"
"AMPL130764",0.776827710936729,0.766210404081057,0.72572954165988,0.751210584357037,0.394885571418584,0.540854024561802,0.601845668728009,0.327373082983274,0.066884176182708,"Normal"
"AMPL130765",0.586634994428238,0.796512935314994,0.80420213546037,0.838361018893056,0.625891137062438,0.533372092441372,0.495887251492391,0.775868807220079,0.00114192495921694,"Normal"
"AMPL130767",0.930988270018284,0.908929283184315,0.869917887335739,0.894588311135274,0.606943161442117,0.765273322145479,0.845681139681992,0.497315943742003,0.202610114192496,"Normal"
"AMPL130769",0.912619848403769,0.938687106531691,0.920313570445425,0.935729857851165,0.219010623331195,0.627758711334123,0.865910620762674,0.275870761565248,0.00636215334420875,"Normal"
"AMPL130773",0.087061831710214,0.111815312913775,0.105636357536781,0.111380516347439,0.170108624138866,0.094219371803787,0.071782659623359,0.284703043312919,0.2278955954323,"Normal"
"AMPL130774",0.127681177514099,0.108198526681279,0.09614321436907,0.102616283333465,0.264357504511038,0.196185850159485,0.175874054903413,0.363030556184342,0.0257748776508973,"Normal"
"AMPL130776",0.683958646486706,0.567591594496159,0.337847058113057,0.205013085099763,0.055855735800884,0.05846418784264,0.061250710551009,0.063007771439424,0.000326264274062016,"Normal"
"AMPL130777",0.932632298886827,0.882763019976297,0.411587841149383,0.359189946625365,0.056353407304818,0.122650677514866,0.155082833195271,0.08363622554881,0.00163132137030997,"Normal"
"AMPL130778",0.807293790219161,0.852789685376632,0.833671487929409,0.843393975853852,0.505408900898197,0.602729451883577,0.655833977568209,0.338129742822728,0.00815660685154973,"Normal"
"AMPL130779",0.167297333674401,0.425443850499126,0.451515842371368,0.474328179422931,0.412180437700734,0.42293249772034,0.431178083059362,0.5397814037076,0.134094616639478,"Normal"
"AMPL130786",0.924090119018916,0.923076218698671,0.911595529787784,0.922481229374999,0.824075353644685,0.871538136861455,0.905173455331196,0.758342671112016,0.0827079934747145,"Normal"
"AMPL130787",0.437013377451427,0.436833142743794,0.408228094442826,0.409142565439681,0.209065384469445,0.279373299069043,0.328186422772996,0.153425606452213,0.00179445350734098,"Normal"
"AMPL130790",0.88961194431055,0.919696223188531,0.907601548653553,0.924004267141301,0.661020412505434,0.826008849212952,0.903630084347633,0.490361958258102,0.00652528548123976,"Normal"
"AMPL130794",0.912322337445565,0.840566944385149,0.444316341195903,0.456481517154918,0.168850871292802,0.340732999197659,0.423670158786612,0.124822679716725,0.0150081566068515,"Normal"
"AMPL130797",0.747513395190699,0.887720943348727,0.538919360059869,0.543997769091489,0.616894018345622,0.563543605806996,0.548852481299362,0.812530233545452,0.0205546492659053,"Normal"
"AMPL130798",0.919085869233747,0.925730844358381,0.902205094492205,0.927012493316192,0.519927675818497,0.765640216025048,0.869949580805669,0.499324323807486,0.0176182707993475,"Normal"
"AMPL130803",0.774560619764477,0.754681045491804,0.743559449134482,0.732033759064314,0.576301750252213,0.729929909859553,0.804767367099891,0.534510736961925,0.0120717781402936,"Normal"
"AMPL130807",0.953339654168785,0.953892614269143,0.929990372024771,0.946552896208122,0.619905570816198,0.810188000027702,0.90003755465774,0.478784809724859,0.000163132137031008,"Normal"
"AMPL130809",0.786014367856343,0.858744321841854,0.862470960976886,0.89405180085341,0.087506180938224,0.199150441337032,0.263680720910099,0.148108530711065,0.0026101141924959,"Normal"
"AMPL130810",0.907001886217102,0.657941698052042,0.501325851222889,0.550526852276785,0.642896050320984,0.680107980638717,0.693766381409258,0.701859519886538,0.0154975530179445,"Normal"
"AMPL130812",0.773856769430041,0.816982984153152,0.810119486587947,0.798122774729885,0.068053657143453,0.091709853230014,0.104038307986445,0.07397957219157,0.00831973898858074,"Special"
"AMPL130815",0.903109544637682,0.916940178786918,0.89988768192458,0.92370641821316,0.681010678436115,0.808234549026613,0.886540632273727,0.486621951789485,0.00195758564437198,"Normal"
"AMPL130817",0.943677636625373,0.932076698384187,0.928549070160827,0.929764029745074,0.336444758075249,0.686568714502922,0.873378508382334,0.540444540681114,0.18858075040783,"Normal"
"AMPL130818",0.855280832247076,0.884965572657952,0.856486885793798,0.869687618028308,0.289675984626737,0.572284478196975,0.708455448010858,0.192651083749724,0.18189233278956,"Normal"
"AMPL130819",0.474211001906225,0.594825734597307,0.60310519370113,0.617060359672384,0.439518941997996,0.373346207822427,0.356377234814042,0.674098085892611,0.122349102773246,"Normal"
"AMPL130820",0.919295697380244,0.929156312229502,0.91624603049243,0.926921422634868,0.461986024057596,0.647650293353641,0.746844741921976,0.232460031115815,0.0553017944535074,"Normal"
"AMPL130822",0.73542261752979,0.609958095354671,0.605406318175102,0.620572535659946,0.49571836001858,0.477193064717588,0.477899225539864,0.688764456071048,0.154812398042414,"Normal"
"AMPL130824",0.862009120243813,0.906215322754712,0.910884272156676,0.920406843952722,0.615794058242173,0.804450793340407,0.872092703792874,0.563925173515516,0.0549755301794453,"Normal"
"AMPL130825",0.106835193063018,0.11111824273592,0.111305569585377,0.123077278477755,0.407419997956998,0.294877317352932,0.248475454992127,0.508475934290105,0.00815660685154973,"Normal"
"AMPL130827",0.868065771292096,0.935852129993201,0.926231831192361,0.942339483675284,0.112762104610421,0.426380815230965,0.602191788617733,0.217932134145258,0.00228384991843389,"Normal"
"AMPL130831",0.890911558376233,0.91473935480319,0.90129215359526,0.915698726434875,0.601954690340837,0.523187591724024,0.506148471054524,0.563205427897692,0.0601957585644372,"Normal"
"AMPL130833",0.844064755250962,0.825071911395149,0.805533094208734,0.822521064238047,0.455123593963909,0.42662265491001,0.425873548105228,0.492108238423281,0.0140293637846656,"Normal"
"AMPL130835",0.930625539269448,0.936182255419517,0.925089445397553,0.930806836952515,0.318323991387345,0.577950808329579,0.73835384414756,0.148769093663972,0.00179445350734098,"Normal"
"AMPL130837",0.750751148212607,0.848157492581015,0.808305049545556,0.859412822572452,0.280448130589963,0.593537776824541,0.747752975162632,0.270600771629411,0.00326264274061994,"Normal"
"AMPL130838",0.686379712485423,0.777097014141192,0.81799043929818,0.855442491082985,0.259460170144836,0.677406803342209,0.852843490516648,0.602278596854454,0.0471451876019576,"Normal"
"AMPL130839",0.908355360196079,0.911370995439286,0.896875138804462,0.911928241623936,0.394473499306672,0.733951623080726,0.865740174015734,0.552775703482386,0.066068515497553,"Normal"
"AMPL130840",0.924072343414176,0.924712206925669,0.914046524270642,0.921089905189108,0.624166964121842,0.807511348277086,0.871077144075093,0.502875236598768,0.0132137030995106,"Normal"
"AMPL130841",0.245024487674134,0.660167132738623,0.712866136608126,0.72670104154932,0.780591094805128,0.755752783661338,0.744690850621751,0.810469393588081,0.0388254486133769,"Normal"
"AMPL130842",0.87765494999799,0.907555069727272,0.890416064257024,0.897047758218889,0.471472418384073,0.680389506836601,0.753330048726531,0.228373342755313,0.0538336052202284,"Normal"
"AMPL130846",0.565692781413135,0.682387372740201,0.682126454585646,0.70474895505904,0.762155637950546,0.701630115206809,0.676009373386848,0.827033339383065,0.00913539967373578,"Normal"
"AMPL130849",0.942675252691531,0.93376536680198,0.92690118997738,0.929744190214377,0.432412836486088,0.737620715361213,0.87732787619511,0.472342272941004,0.0817292006525285,"Normal"
"AMPL130850",0.342598984899572,0.215732282705119,0.090919930702016,0.084824966354503,0.066271342229583,0.061930007297891,0.062741995866433,0.06476685350447,0.00114192495921694,"Normal"
"AMPL130851",0.80707479522303,0.737555858750947,0.480418776672649,0.464266685724612,0.057131529809238,0.065726587307871,0.063245928720269,0.063768803536187,0.0500815660685155,"Special"
"AMPL130852",0.878535650473641,0.41844641853837,0.235938940864989,0.167786746756077,0.0606823675916,0.078889871374827,0.085080524444078,0.101818827316529,0.00358890701468184,"Normal"
"AMPL130853",0.934999934850232,0.939393709740871,0.934956666843034,0.942178743201985,0.159484779564725,0.593002237332966,0.855538789645702,0.181209413204334,0.0197389885807504,"Normal"
"AMPL130854",0.553803551268098,0.480655326360909,0.397153460983223,0.237250667296041,0.069711902866023,0.064322717812878,0.063126019538686,0.077320907014783,0.0495921696574225,"Normal"
"AMPL130855",0.491070903258443,0.478550777953858,0.442472735018423,0.476065950310521,0.131818543457998,0.215125396035391,0.260013512840093,0.111694659070845,0.0911908646003262,"Normal"
"AMPL130856",0.809314425199356,0.885396774444266,0.863333083058348,0.884497045139214,0.560663893483184,0.387989977705776,0.323687205084548,0.739035410961184,0.00717781402936379,"Normal"
"AMPL130859",0.58481519879257,0.70061674190615,0.685898748494126,0.665251214070757,0.153107019690937,0.161935057522874,0.168914455077826,0.153628130382244,0.0636215334420881,"Special"
"AMPL130862",0.269691466428745,0.222884085691177,0.1859981387658,0.220099032072728,0.333805653321222,0.258557307961024,0.23130263669851,0.522013941424719,0.00913539967373578,"Normal"
"AMPL130864",0.112835771582049,0.10145563436536,0.104185214678558,0.105660432270023,0.241614429700397,0.170400666781554,0.146223939654953,0.336023414461594,0.0141924959216966,"Normal"
"AMPL130866",0.579300292209561,0.847078738565271,0.84138939780659,0.869902955617517,0.894056160740203,0.865767331161317,0.858635051623631,0.854062234150277,0.208482871125612,"Normal"
"AMPL130867",0.166013723876091,0.178948983264338,0.173721908319304,0.172755321490615,0.312915596050749,0.278083915601163,0.257850571352203,0.406891610670608,0.0641109298531811,"Normal"
"AMPL130868",0.528778256523703,0.272042292007881,0.190310216352608,0.192599256956754,0.34503282075074,0.271683022594261,0.251356525119822,0.613848486158956,0.00570962479608483,"Normal"
"AMPL130869",0.908080115655606,0.934025381502942,0.91626353954431,0.944819604541698,0.71282138359062,0.857543570156585,0.924500643483553,0.590151053829884,0.0216965742251224,"Normal"
"AMPL130870",0.199450816968792,0.218737054917114,0.261557209872961,0.23161183019129,0.330531203577565,0.172322212809974,0.138708037266974,0.631386214824624,0.0251223491027732,"Normal"
"AMPL130871",0.632709424349079,0.287574699031629,0.201276055673782,0.199960333754706,0.144461911181779,0.173671568494479,0.177271182638432,0.194894989493631,0.165415986949429,"Normal"
"AMPL130878",0.755108777170189,0.658585830668115,0.636759577385556,0.627334844425326,0.071838610306776,0.340723212789625,0.489906168819289,0.099998744767346,0.239967373572594,"Normal"
"AMPL130883",0.897081218968547,0.916415688095578,0.896813963021349,0.913970435253776,0.330553277538255,0.682009497310556,0.862490730252023,0.224446011806831,0.201794453507341,"Normal"
"AMPL130885",0.462553674302712,0.867991867738191,0.861235918878428,0.88851300077576,0.935231192243295,0.92540593620758,0.924433812658783,0.923257274168779,0.0748776508972268,"Normal"
"AMPL130886",0.867468621525817,0.903888062558687,0.875623395615106,0.890658964369004,0.657287052467427,0.78512195224204,0.871225567930637,0.513994230622592,0.000163132137031008,"Normal"
"AMPL130887",0.947998279540347,0.94022084246056,0.931604622723103,0.933595937085697,0.823557138976018,0.862955123473929,0.907767798656977,0.726387983058658,0.0435562805872757,"Normal"
"AMPL130888",0.831913742152892,0.933111663566955,0.922836776856363,0.939453109375328,0.395023566612083,0.534744025447534,0.591211096259926,0.581265477595832,0.00212071778140288,"Normal"
"AMPL130889",0.479405645160609,0.19887239349271,0.165882454291991,0.155444442510699,0.051758122550888,0.063612271070426,0.071205766995417,0.072542054793932,0.0166394779771615,"Normal"
"AMPL130891",0.533231602049368,0.550646722267585,0.494616704723126,0.507034724894321,0.667699219373682,0.738758185860886,0.769438681200487,0.653963906801228,0.0254486133768352,"Normal"
"AMPL130898",0.916388816178273,0.920849003478763,0.907021514723646,0.910451319827358,0.801867691063577,0.853262922311001,0.890948041323951,0.747031815153927,0.0190864600326264,"Normal"
"AMPL130900",0.911580525569451,0.914777258889049,0.908829823139925,0.915172027428179,0.269346642563382,0.626099209560492,0.853733166689502,0.657487604967734,0.0778140293637847,"Normal"
"AMPL130907",0.866582095677477,0.892077862188536,0.888234297589391,0.903372513765315,0.073919610332181,0.460159980771678,0.673895283557752,0.069333585984121,0.0197389885807504,"Normal"
"AMPL130910",0.862457066583367,0.299832719468875,0.487727175528405,0.484225051206925,0.703228763546729,0.52051396026364,0.452697926798002,0.882068977163371,0.0203915171288744,"Normal"
"AMPL130911",0.763961738706731,0.843444663724138,0.820375069967896,0.77624474406913,0.142909409581456,0.111726846041255,0.080784594392054,0.255300471360863,0.124306688417618,"Normal"
"AMPL130917",0.87859451325009,0.911833532051761,0.884631375920431,0.892580902542669,0.555971157567627,0.697123875286586,0.755441159538485,0.864653539309222,0.000489396411093024,"Normal"
"AMPL130920",0.788588282038917,0.895525868977359,0.887119879317635,0.907982066107574,0.820858851848268,0.863480954656827,0.899712967462844,0.755371546990986,0.000815660685154929,"Normal"
"AMPL130924",0.220712463327757,0.233887134470398,0.224140121258438,0.249389096216336,0.368631315970713,0.311089510887252,0.28670402841127,0.475885902039605,0.0440456769983687,"Normal"
"AMPL130928",0.111185852687839,0.408335913331455,0.445598613727783,0.457970231008461,0.042013851537095,0.075291322502316,0.090841090638372,0.057098465332297,0.00522022838499181,"Normal"
"AMPL130930",0.860427072471724,0.908235507887845,0.914284529751892,0.932934442457175,0.779777833328198,0.892236530814158,0.919599809730276,0.667638718162702,0.032626427406199,"Normal"
"AMPL130932",0.937181208118013,0.935093746601203,0.901551483310356,0.918852646637883,0.598150187929869,0.773850626652874,0.867235281879351,0.451389849514096,0.154323001631321,"Normal"
"AMPL130933",0.845366727694366,0.89274318013326,0.876398699480874,0.903321711471318,0.497812265702641,0.796254983298961,0.907848373009993,0.603217573789675,0.0283849918433932,"Normal"
"AMPL130936",0.053171382149348,0.065292713602232,0.059444268443666,0.063083820824376,0.109801356295173,0.09191545715478,0.085388572774441,0.173886755480256,0.114355628058728,"Normal"
"AMPL130937",0.814877123395708,0.890492812772301,0.874519476982468,0.899126993254429,0.661190822058724,0.779851951776088,0.85867163574011,0.479645637672941,0.122349102773246,"Normal"
"AMPL130939",0.056206865114505,0.048065533607775,0.043586571574833,0.046108157892852,0.051323945904749,0.054568720935835,0.048139512622192,0.104451833531831,0.0050570962479608,"Normal"
"AMPL130949",0.851741927352099,0.422043170909145,0.378729453903319,0.371323162703199,0.628467076937549,0.670848050627323,0.698583899970427,0.601770396552986,0.00277324632952691,"Normal"
"AMPL130953",0.921409020469815,0.94622114408781,0.932693746788084,0.951091682400979,0.677712235528236,0.846678532551498,0.915962357851351,0.613970330477624,0.0168026101141925,"Normal"
"AMPL130957",0.827335824391735,0.876357432279204,0.891675077374638,0.909627105205864,0.271442892913886,0.649491593097245,0.84724825950041,0.486195896429234,0.0174551386623165,"Normal"
"AMPL130970",0.525599523136543,0.352029676748199,0.141833727249766,0.15945966284174,0.540260302926231,0.262144935636858,0.155333670592926,0.869209691225937,0.17862969004894,"Normal"
"AMPL130973",0.762042208997715,0.876969659980818,0.821815303172584,0.829115078925758,0.465407768554882,0.707306844920774,0.810723465452265,0.335734759083665,0.0133768352365417,"Normal"
"AMPL130974",0.436570122257005,0.143636667434165,0.112517022510028,0.117470066809128,0.525196882683374,0.41766096938538,0.38005301992728,0.775811768988847,0.000163132137031008,"Normal"
"AMPL130975",0.875988771796059,0.838423830363572,0.650962135999145,0.378424830373296,0.051712917700211,0.060462937472295,0.065002184943489,0.06711715023384,0.000815660685154929,"Normal"
"AMPL130977",0.722272419456113,0.896961492544449,0.916019146040306,0.916130171579472,0.591360373374701,0.813511965101664,0.889711098194118,0.506485612112989,0.0567699836867863,"Normal"
"AMPL130979",0.746485466397133,0.602955759017233,0.465571876513084,0.450314756689569,0.05395412729611,0.074968409574679,0.087612086405736,0.061405891205083,0.0119086460032627,"Special"
"AMPL130982",0.90359024114758,0.934606806934879,0.91320884016906,0.918679193130095,0.491460482083438,0.723290557923608,0.854144583181615,0.366242939697267,0.12952691680261,"Normal"
"AMPL130988",0.950368453751867,0.932508601721167,0.919322503545551,0.931846917385118,0.854049862764877,0.878414883460217,0.917071804389654,0.789683397396678,0.00570962479608483,"Normal"
"AMPL130989",0.912222998554082,0.902697908498773,0.905130990416358,0.899564303781673,0.466207466826987,0.728867812136195,0.86735247831145,0.632322942157072,0.0158238172920065,"Normal"
"AMPL130991",0.719500568513308,0.896301618423976,0.872962869729503,0.877110663608439,0.187553129658537,0.494609633214247,0.647059221882193,0.439977665836859,0.0502446982055464,"Normal"
"AMPL130992",0.743092155562107,0.850015142045069,0.856312194798039,0.884508697329193,0.542948254663844,0.771733578885721,0.863619994068114,0.627501897276265,0.034257748776509,"Normal"
"AMPL130995",0.133814335987365,0.236234545970781,0.287356597281951,0.291373460600047,0.489803895249089,0.371173169162186,0.324515323041561,0.669837621953959,0.160522022838499,"Normal"
"AMPL130997",0.770586128745909,0.757004039317842,0.633529526456698,0.652700438790031,0.163353496626804,0.301219107086523,0.38647398573397,0.429722082975203,0.0559543230016313,"Normal"
"AMPL131005",0.839767632701513,0.206019737816616,0.194167775633949,0.200557480475493,0.542506311116492,0.405169425570345,0.360906518241371,0.701500282852459,0.110766721044046,"Normal"
"AMPL131011",0.817610497546906,0.84381916455163,0.821514662412141,0.859450429761393,0.48469616723228,0.381989717453289,0.355105493307124,0.723418290002383,0.0154975530179445,"Normal"
"AMPL131013",0.287800222621534,0.509924097167886,0.51360176700318,0.539410276459922,0.466691121945391,0.593497168165699,0.669649502890932,0.444571023403445,0.0401305057096248,"Normal"
"AMPL131016",0.257037785441528,0.313688679161607,0.320695075455628,0.343261175138407,0.083973595473511,0.119431595529582,0.13821916906558,0.120393053683444,0.159216965742251,"Normal"
"AMPL131020",0.914080701728774,0.854218182192683,0.841496570279242,0.861644466455318,0.65676117318813,0.46220415401319,0.381377852426295,0.845458082476455,0.0494290375203915,"Normal"
"AMPL131025",0.446424607814911,0.434885846769925,0.422996373461615,0.43525338471587,0.720432332699809,0.747116737546116,0.763470621471242,0.708065279484193,0.0435562805872757,"Normal"
"AMPL131028",0.936424675027406,0.94168187289127,0.942522094953689,0.941962830937963,0.856373023853357,0.89452832813704,0.928268825273977,0.817386474664328,0.099021207177814,"Normal"
"AMPL131040",0.944782347362621,0.949591127610451,0.936935164515021,0.927427110580983,0.055302179141806,0.074217772914233,0.080023048434319,0.065950234080815,0.0187601957585645,"Normal"
"AMPL131042",0.666543791025018,0.649455861711881,0.637457873390986,0.658253286275487,0.386259221298708,0.278433100258384,0.238389219241053,0.425949291028929,0.0368678629690049,"Special"
"AMPL131043",0.480855775638117,0.485658100992997,0.445010109546725,0.471070617791823,0.728049922639642,0.738526077688684,0.766628964115356,0.682504077649785,0.0120717781402936,"Normal"
"AMPL131044",0.851014714700926,0.841088065356358,0.822441729169558,0.844339316309706,0.544757533944965,0.674062221926706,0.738593638631419,0.644942166577084,0.133278955954323,"Normal"
"AMPL131045",0.907947910983033,0.940406718957588,0.92993155937491,0.942458344727272,0.811515057182066,0.876683835377222,0.913073563035148,0.724349425612093,0.0616639477977161,"Normal"
"AMPL131046",0.930853582884564,0.930867753348569,0.917824132020513,0.928381961438989,0.775600331691273,0.866955186622405,0.90131238511012,0.773872670018811,0.000489396411093024,"Normal"
"AMPL131050",0.915590435843206,0.871663947789171,0.611250438665398,0.521193234283038,0.088493035464545,0.290636385765256,0.395580832226612,0.094893796385896,0.00391517128874386,"Normal"
"AMPL131051",0.851448386977477,0.893797057651052,0.899687232223463,0.92422276505941,0.649287502687971,0.805896461291453,0.882297767199794,0.527136668365325,0.00358890701468184,"Normal"
"AMPL131059",0.697523994553462,0.489043840475131,0.440601859951261,0.465966556369237,0.323137459276459,0.32064158663284,0.326366394863379,0.361993968491361,0.220228384991843,"Normal"
"AMPL131061",0.904667058103671,0.896475960137358,0.780684562459296,0.610049375490606,0.086594318435626,0.385613365527962,0.556915351416055,0.102799960667874,0.0213703099510604,"Normal"
"AMPL131062",0.659790805281622,0.579475633129773,0.53416344779248,0.574616614010781,0.170969491411396,0.279562013267183,0.335541854766932,0.062442082801382,0.0182707993474714,"Normal"
"AMPL131064",0.940022907580745,0.946478272698951,0.931963144995069,0.936394815328301,0.637003103862087,0.770941673828596,0.89226339951208,0.765835951492095,0.00228384991843389,"Normal"
"AMPL131065",0.922713620604257,0.9412190169327,0.923722514666477,0.941984797625131,0.526093033489396,0.685825674683814,0.89761253448349,0.311323070626734,0.0567699836867863,"Normal"
"AMPL131067",0.909333770996135,0.762597606391805,0.611036069788075,0.61063867785324,0.147137728277795,0.329393384283603,0.44328065031582,0.297074448115063,0.192985318107667,"Normal"
"AMPL131069",0.783243363401203,0.88528980964175,0.867505876209988,0.883977037891515,0.753467953887166,0.65927447449874,0.625986342129704,0.712882193733331,0.00652528548123976,"Normal"
"AMPL131070",0.607456155446848,0.678292424489387,0.609251406200587,0.668259192579703,0.407118920586374,0.546008382252298,0.631430094979144,0.30815178404192,0.0895595432300164,"Normal"
"AMPL131073",0.104628412587402,0.10980786533469,0.099632549549397,0.113499945563758,0.319495646276141,0.266975457293948,0.251971223495711,0.440326120004749,0.0471451876019576,"Normal"
"AMPL131074",0.124389708307771,0.148356564367171,0.138881577540691,0.153525380686223,0.247744272135652,0.195946589519936,0.181464746304284,0.313842099198889,0.0331158238172921,"Normal"
"AMPL131075",0.830362474043502,0.87949565541425,0.844369508808187,0.880283078637965,0.382705951297899,0.586782135317789,0.68072642449465,0.487147072425977,0.0365415986949429,"Normal"
"AMPL131077",0.685195977838262,0.299614002942664,0.222646866556102,0.216392588081197,0.127458805135841,0.295379597749775,0.400224883242875,0.079118833332841,0.00522022838499181,"Normal"
"AMPL131078",0.80137524217751,0.871852246697189,0.859184565800224,0.874046927393693,0.59334372404817,0.518979802030313,0.509670545539116,0.589585478988933,0.00848287112561175,"Normal"
"AMPL131079",0.341764319836649,0.365958290391934,0.325426564301356,0.359970125440723,0.226590126773969,0.167747055071619,0.158891464055282,0.644559812610705,0.0456769983686787,"Normal"
"AMPL131081",0.944917781836716,0.94882160915454,0.944155420500919,0.956501853167302,0.462800991258696,0.776577983527351,0.914468360705927,0.678119588754623,0.0257748776508973,"Normal"
"AMPL131087",0.786653289367283,0.857846057299584,0.869442740232572,0.895473620316838,0.45586333702724,0.688584604010725,0.776789299963211,0.233614347760099,0.00375203915171285,"Normal"
"AMPL131089",0.927555583957231,0.940185908483589,0.938051885447033,0.940951935715086,0.369748361019768,0.65800845894719,0.783765667103928,0.160118176228695,0.00163132137030997,"Normal"
"AMPL131092",0.8920569088643,0.927311246219054,0.895441831735851,0.920679186166763,0.418405118361747,0.698318815253856,0.897797379415746,0.696313101727964,0.0460032626427406,"Normal"
"AMPL131094",0.575543356234462,0.641648005442486,0.569484953723284,0.506959874098928,0.127719464606279,0.126004403283345,0.112286805339621,0.277156251172093,0.0650897226753671,"Normal"
"AMPL131095",0.905238758067525,0.915442350841902,0.885874891566094,0.920908764788996,0.687598260497384,0.812001079893188,0.877722392268902,0.612056733939442,0.186786296900489,"Normal"
"AMPL131096",0.882702021405373,0.926683125471547,0.930952414402571,0.93147002745418,0.801284712488758,0.897625664899182,0.923992802758765,0.829807233971471,0.246982055464927,"Normal"
"AMPL131098",0.918923337130621,0.891480065166538,0.851292231008655,0.855042197965655,0.361870511887782,0.632858465157732,0.78575835860129,0.22840153422448,0.193311582381729,"Normal"
"AMPL131100",0.928145666513259,0.933702435104547,0.913441240436178,0.935402011501248,0.657213579520275,0.829189223778727,0.903301791386528,0.566581731750683,0.00766721044045682,"Normal"
"AMPL131103",0.712148073674754,0.827099675492406,0.819504025224644,0.845887706124254,0.496348936897647,0.432437690971188,0.40584817026832,0.48846629281355,0.0226753670473083,"Normal"
"AMPL131104",0.901969291525537,0.87922323985294,0.860148662710292,0.8740100052777,0.652555000327195,0.780688628792843,0.857886020328195,0.635761353123823,0.0282218597063622,"Normal"
"AMPL131106",0.885436539174708,0.90952674966879,0.900244633604268,0.910157245953854,0.748666135040606,0.833555418733145,0.890961839190013,0.631189493669401,0.0298531810766721,"Normal"
"AMPL131108",0.388340944922278,0.317634603764602,0.157477815858922,0.136672282121445,0.138358223964214,0.240819298738624,0.304097073521043,0.152454807570089,0.0050570962479608,"Normal"
"AMPL131111",0.855018473714711,0.858141367133558,0.756397192857819,0.779251796266573,0.091481529977546,0.3949641237111,0.562906981384422,0.22609625065207,0.0799347471451876,"Normal"
"AMPL131113",0.763274203879986,0.825416065388678,0.788366067206865,0.811349289025279,0.410980715018573,0.659430772435755,0.75160066431201,0.177327642864438,0.0528548123980425,"Normal"
"AMPL131118",0.9123495706188,0.934229597343752,0.925098530451801,0.934785614093847,0.757630154238837,0.854620326064329,0.918543314400227,0.710163165901503,0.0825448613376836,"Normal"
"AMPL131120",0.913004956936917,0.947032512184973,0.935117586519474,0.948184342655932,0.505144637713773,0.809280984093669,0.913146136024761,0.502361330948613,0.0145187601957586,"Normal"
"AMPL131121",0.358077287449924,0.563037930809554,0.555839871644393,0.586373557905542,0.05758479069078,0.20705794077694,0.285473996253778,0.265153687940874,0.0104404567699837,"Normal"
"AMPL131122",0.74118308504658,0.733943916767459,0.712025613986302,0.722249428180213,0.085929074937904,0.322697793881596,0.454188198511324,0.209649122242373,0.00701468189233279,"Normal"
"AMPL131123",0.945695852452017,0.93186973686495,0.921152890579438,0.931766068231614,0.599730936290337,0.770139372154707,0.874847918464282,0.49752794903502,0.0830342577487765,"Normal"
"AMPL131128",0.890781878080299,0.638908687772415,0.609508758154026,0.636114725375951,0.484132147224825,0.641703869444525,0.709157251649628,0.532227154490614,0.0172920065252855,"Normal"
"AMPL131132",0.826915592339764,0.843095952125756,0.821932648124075,0.842049379031265,0.530441079888165,0.714060873034336,0.810043937090014,0.402080339769922,0.00799347471451872,"Normal"
"AMPL131141",0.857230534015074,0.855997728579769,0.815421542455571,0.835847170998452,0.667503354399516,0.749029342973696,0.787606087056729,0.617520804642331,0.0050570962479608,"Normal"
"AMPL131143",0.908195256061346,0.846481777162808,0.761315836000367,0.697003738023925,0.152800247274493,0.19338823220815,0.233801496777577,0.274025262247662,0.0800978792822186,"Normal"
"AMPL131144",0.791398637922558,0.822609031639437,0.758007896455315,0.771616792343493,0.232706897637809,0.490761785906674,0.654129013643802,0.125383013125283,0.000163132137031008,"Normal"
"AMPL131145",0.682697537821289,0.461338534495514,0.433710427896122,0.405067492147041,0.302421073454501,0.332818774404255,0.345883939576508,0.320405756489174,0.00130505709624795,"Normal"
"AMPL131146",0.32986222903427,0.676763785680147,0.667172662974598,0.680937666030422,0.089597060687605,0.323470538381624,0.453227874531247,0.102283490743245,0.0309951060358891,"Normal"
"AMPL131156",0.917543321454967,0.947720442411795,0.930074974296983,0.934676404671359,0.323004721113126,0.686659399655499,0.869440304515075,0.21059283542435,0.000163132137031008,"Normal"
"AMPL131157",0.761874759618973,0.746393940931216,0.69750358903721,0.721496596340287,0.415133502972855,0.576445394367435,0.646077191352284,0.312122062393423,0.000163132137031008,"Normal"
"AMPL131158",0.713414234600638,0.798295482688747,0.791937050337947,0.815125974215687,0.319884408521687,0.212941244629194,0.172151005627303,0.446882656185474,0.146655791190865,"Special"
"AMPL131161",0.646027224791237,0.10438786336117,0.080841939361953,0.086384351013624,0.115901737422136,0.083679678503706,0.071574685868231,0.16552200948314,0.000489396411093024,"Normal"
"AMPL131164",0.877385547133746,0.927795820140485,0.903434802801364,0.922165576249481,0.41835834073374,0.701341326858245,0.874734728774144,0.631246580434025,0.0181076672104404,"Normal"
"AMPL131167",0.770874271806346,0.769631883421813,0.718861562247218,0.736346715348995,0.429301093538442,0.50703073203392,0.56033994879153,0.374898784699557,0.00456769983686789,"Normal"
"AMPL131169",0.822132456003248,0.837588393596291,0.79668163027033,0.80391986377083,0.325336963462944,0.619478119249857,0.747038760920622,0.273858291032661,0.116639477977161,"Normal"
"AMPL131181",0.940776651315765,0.945553689234735,0.937239925077559,0.94720398711905,0.421472587681214,0.674213506953512,0.773419553931491,0.173002713447877,0.0884176182707993,"Normal"
"AMPL131182",0.553277597444699,0.531248756153784,0.513637919262329,0.525719913804176,0.360805578319013,0.477076805998885,0.538996985364356,0.302202023713701,0.169657422512235,"Normal"
"AMPL131185",0.932404931753087,0.92790587380589,0.898933891107066,0.89204105929528,0.298824795985555,0.658318523695196,0.855724423117645,0.193988070140835,0.00848287112561175,"Normal"
"AMPL131186",0.83687328267081,0.872662011737245,0.86646957661247,0.871122736495037,0.628029524183916,0.801350728769895,0.852407840864254,0.540807607458547,0.0169657422512235,"Normal"
"AMPL131187",0.938543078168158,0.922584988794704,0.698894327720673,0.477499412302735,0.228513434486471,0.172664633537256,0.174693314144311,0.289233704492113,0.0184339314845025,"Normal"
"AMPL131198",0.871245755472604,0.896522918537301,0.87385602196534,0.887376067714188,0.715708631760339,0.800635338276956,0.876412726359499,0.615984493370737,0.00309951060358893,"Normal"
"AMPL131199",0.691391932127935,0.736478058630441,0.721820243926443,0.775002130214432,0.651816407266723,0.547667354511966,0.497333270943639,0.636621213412191,0.0761827079934747,"Normal"
"AMPL131202",0.9565042969079,0.964068964590214,0.961268306447973,0.961653180279447,0.668027086758698,0.830345262255498,0.888534471169254,0.405833262698211,0.00636215334420875,"Normal"
"AMPL131203",0.942795402132281,0.945110877574214,0.942216736609247,0.92968445701669,0.234655708332626,0.455919307557484,0.593215167298831,0.138853225071138,0.160522022838499,"Normal"
"AMPL131211",0.91183850607032,0.916547226802878,0.923632721200927,0.913032192313818,0.114882102814414,0.51677168867169,0.741809766277146,0.168202676549321,0.0172920065252855,"Normal"
"AMPL131216",0.543728641493493,0.505294260379386,0.466791247562771,0.467900485703048,0.104873579658675,0.267030988833505,0.365889431300737,0.090858752457444,0.191517128874388,"Normal"
"AMPL131218",0.742581122649441,0.729318408274911,0.702595795739446,0.707970071482872,0.542677418661596,0.599160017437725,0.630380464013857,0.542720057270314,0.137846655791191,"Normal"
"AMPL131219",0.815050320782848,0.84126748893549,0.827300340227464,0.859847775350826,0.206181254301484,0.544979491066402,0.764536164566547,0.225083111073556,0.168678629690049,"Normal"
"AMPL131220",0.807412306040273,0.865707498200068,0.830308440697933,0.846766781040087,0.43692234646077,0.738757874708447,0.872697957092964,0.503654640643071,0.0244698205546493,"Normal"
"AMPL131222",0.938441845319954,0.930718624254114,0.910200009306474,0.927115338373365,0.728271211831621,0.817792891877212,0.888145657912657,0.719418550474168,0.220880913539967,"Normal"
"AMPL131229",0.693628425710648,0.644254077083249,0.593237458723679,0.587899156152843,0.526019144718025,0.698263920847185,0.785339481206882,0.437588841635324,0.201141924959217,"Normal"
"AMPL131238",0.520295439483835,0.555239588925438,0.577713294250719,0.589297925225942,0.297820574514714,0.416596544518614,0.482996753073808,0.694115641987088,0.0518760195758564,"Normal"
"AMPL131242",0.206243823281729,0.335369228387994,0.298879845039072,0.314005159324642,0.425514913650191,0.276179139015864,0.228946753296942,0.595629107267532,0.0401305057096248,"Normal"
"AMPL131243",0.906891660696126,0.795310029854754,0.413855700843047,0.419616812114794,0.119771905145081,0.191364197276261,0.234345433945452,0.191379709475715,0.185644371941272,"Normal"
"AMPL131255",0.817296680667948,0.649612259197225,0.512269079592715,0.515499912183784,0.294932365331778,0.263983755126335,0.260903546190913,0.310415287985445,0.0530179445350734,"Special"
"AMPL131256",0.400379149688323,0.342940534334249,0.116280128768658,0.086822303444756,0.068715959474147,0.074166756094046,0.070579744953994,0.103030710238915,0.147634584013051,"Normal"
"AMPL131259",0.794417608970547,0.882820332923596,0.873264990638428,0.901264360092838,0.458613998446126,0.780229426301043,0.888396423473492,0.494110617548169,0.0360522022838499,"Normal"
"AMPL131261",0.337876331002066,0.341815797415314,0.307248524939147,0.309300387057419,0.215838391299388,0.387576021084807,0.494654485667485,0.11626725312328,0.00815660685154973,"Normal"
"AMPL131263",0.920805642338307,0.928782517387667,0.933420796781385,0.936573050884675,0.756934715670279,0.870534823191136,0.904620457800567,0.575915298128116,0.000652528548124032,"Normal"
"AMPL131269",0.885693758558885,0.918924080310036,0.901541160578245,0.906170012505905,0.098231372798057,0.503819860323416,0.739609649864235,0.136417760059569,0.222349102773246,"Normal"
"AMPL131273",0.62154138311018,0.181016555395322,0.125806439085775,0.144715010503188,0.079703494411295,0.092318057119439,0.093868422914666,0.101934739541959,0.0905383360522023,"Normal"
"AMPL131282",0.931925215946542,0.925396569282315,0.919307910677254,0.917831217489101,0.343364532950138,0.650027039323684,0.77375405027575,0.268234707599546,0.0593800978792822,"Normal"
"AMPL131283",0.37849672206817,0.366660208814247,0.348861950563595,0.366669604292063,0.820026553959387,0.860511540441652,0.885534229831689,0.800447052783528,0.0225122349102773,"Normal"
"AMPL131284",0.6471903817831,0.622967412813975,0.577955730392494,0.588260488254481,0.858459594650484,0.883085510159202,0.906644105159949,0.851727378581383,0.10326264274062,"Normal"
"AMPL131291",0.537442057351278,0.5550787616859,0.541818228315135,0.559459052369637,0.12895920541505,0.157150887418421,0.181496785133243,0.11479837777093,0.0150081566068515,"Special"
"AMPL131292",0.335299096824669,0.077292928152661,0.070031791582914,0.067295395375155,0.055317746017415,0.054837730372213,0.057300931571967,0.059066566171853,0.132137030995106,"Normal"
"AMPL131298",0.831681422741954,0.829554633717761,0.793125201316476,0.821661111041391,0.661205134090535,0.794953787339521,0.854140074478691,0.597317799394669,0.0747145187601957,"Normal"
"AMPL131300",0.589769123678746,0.629443004166035,0.606680925201201,0.630434717658221,0.295582615656174,0.248234085268981,0.227887264932572,0.343253254280007,0.0106035889070146,"Special"
"AMPL131301",0.467855084809589,0.48525759424977,0.45925529571823,0.47389070096845,0.264808563841702,0.401060323722661,0.462770750198433,0.204987057301587,0.0117455138662317,"Normal"
"AMPL131303",0.386614182479575,0.369644757990898,0.315334491617716,0.335376703640682,0.05256172616869,0.13719942845771,0.183106191733307,0.05626287526973,0.101305057096248,"Normal"
"AMPL131304",0.880323129359192,0.522550349469769,0.26955635366018,0.231944873058602,0.043222822011044,0.063674712397733,0.071824552505764,0.075770030432608,0.00570962479608483,"Normal"
"AMPL131307",0.93490111931492,0.937171217178896,0.926987028837223,0.932424912323872,0.087281981159665,0.478376570206385,0.702839887892876,0.092273007183265,0.102773246329527,"Normal"
"AMPL131308",0.839568863332987,0.639281346651061,0.53758176475338,0.541026753928157,0.71996334730226,0.782462176584871,0.817084205911417,0.652498448129234,0.243066884176183,"Normal"
"AMPL131310",0.37530222284784,0.147689463691868,0.115767491985638,0.123643901940348,0.078677031836968,0.085558550203488,0.089793299676273,0.092286590320845,0.120065252854812,"Normal"
"AMPL131311",0.0768003207685,0.083025999462313,0.079294188749693,0.085215185638941,0.222874768077983,0.114199286445692,0.068106353157962,0.246013968941307,0.0486133768352366,"Normal"
"AMPL131312",0.712905442789349,0.647022230338529,0.435231169261521,0.237933243630505,0.070810429457816,0.072109407508655,0.069487010120806,0.09489353931674,0.0518760195758564,"Normal"
"AMPL131318",0.791801560074947,0.866910798721296,0.842932534566725,0.901631534454148,0.500103770913627,0.654363057947273,0.788768097622993,0.747130730704845,0.00554649265905383,"Normal"
"AMPL131320",0.299214785872839,0.483385121704274,0.461546605794547,0.472415845017502,0.397875672859076,0.389759692572697,0.386338889768424,0.389790649474879,0.180587275693312,"Normal"
"AMPL131337",0.536674495181554,0.393356381169858,0.348220147319358,0.346344539348665,0.298394931048711,0.328508675850143,0.352590976108906,0.352841764998805,0.0972267536704731,"Normal"
"AMPL131338",0.928847256960499,0.904291757436291,0.853427888260742,0.867710338822226,0.524019849060255,0.737697747081658,0.853901604175613,0.456993124003818,0.230179445350734,"Normal"
"AMPL131344",0.619573667499587,0.870224372386921,0.861161969755866,0.87491500384739,0.607348545829697,0.718099898850221,0.755751624361905,0.588525156684279,0.0921696574225123,"Normal"
"AMPL131346",0.803911226600591,0.887736566390421,0.887514208049007,0.913360228776928,0.629784129888016,0.795044980016724,0.880547778708568,0.436785472711794,0.0376835236541598,"Normal"
"AMPL131350",0.841847911485661,0.807578425052465,0.770708486296736,0.797261804576483,0.081268431861701,0.369709613662933,0.536835355354451,0.084335597663458,0.170636215334421,"Normal"
"AMPL131355",0.875708717954048,0.869160032312705,0.625689067027652,0.598747780104779,0.171140361236127,0.378026094634808,0.472833803808955,0.254526251237773,0.065742251223491,"Normal"
"AMPL131369",0.548543218815845,0.236907931452466,0.211445518668562,0.245014237447949,0.090433498444514,0.137528614224632,0.164506593843564,0.115944772766277,0.130342577487765,"Normal"
"AMPL199863",0.937507010802795,0.938313431760924,0.932294846210487,0.935749689022192,0.450457406897978,0.735487922217655,0.849704033848994,0.12651772872803,0.0851549755301795,"Normal"
"AMPL199892",0.902592500803519,0.89804066940905,0.681889283288058,0.691008038092905,0.764607923133879,0.71017914716503,0.694066144612686,0.886439048358617,0.0401305057096248,"Normal"
"AMPL199921",0.269191180629118,0.614566895192438,0.658341168925692,0.651840053868191,0.325830359840683,0.527349139542553,0.610763452771783,0.316431886382642,0.0556280587275694,"Normal"
"AMPL199928",0.255997039040993,0.237398241254996,0.1763880017684,0.169747226092664,0.356151549290625,0.468706575222272,0.534486107857776,0.354378145760781,0.0171288743882545,"Normal"
"AMPL199939",0.447915830943285,0.525158609779537,0.359063018924415,0.343886989411825,0.09187302001439,0.106734263377053,0.113810598274921,0.101061261972232,0.00750407830342581,"Normal"
"AMPL199941",0.831298144594996,0.869548934917067,0.872433256003011,0.882344549108046,0.520469100325665,0.785430933198861,0.876066662634971,0.476386255456274,0.0314845024469821,"Normal"
"AMPL199951",0.635428455461343,0.810510152348689,0.792230534345955,0.822806203458247,0.217725897182454,0.268404278826401,0.326289197968156,0.376107544188534,0.00146818923327896,"Normal"
"AMPL199957",0.920435299739673,0.921481109973219,0.907001684607352,0.908522165927343,0.729301085850588,0.807619642555154,0.873370038210266,0.602220474688735,0.0158238172920065,"Normal"
"AMPL199965",0.91473544957992,0.921194666509293,0.90833107728913,0.923886949292605,0.372072895808969,0.693436509327381,0.864757899372424,0.501026961867559,0.217618270799347,"Normal"
"AMPL199982",0.847116594889645,0.910381055156549,0.907038502806819,0.934099656111506,0.397173139062172,0.72235505369372,0.893492642077644,0.201755627551487,0.030668841761827,"Normal"
"AMPL199984",0.199729046015764,0.278568013132579,0.285537354383764,0.280963037134513,0.269669619349915,0.137350940980672,0.10100188165872,0.378003021218685,0.0600326264274061,"Normal"
"AMPL200000",0.893756211599409,0.935652390284432,0.928408334205706,0.940615749062875,0.876055986335643,0.750746973515875,0.6985422811528,0.8035263233745,0.000815660685154929,"Normal"
"AMPL200009",0.591309133305371,0.78157369754838,0.775573599782226,0.789387032046312,0.240940742604582,0.531646305243026,0.675685713648952,0.209713004201947,0.00163132137030997,"Normal"
"AMPL200014",0.906694590082451,0.931908815337677,0.931431170803723,0.928257710294297,0.308741710885745,0.662024482872633,0.867282491752309,0.438258793406599,0.0150081566068515,"Normal"
"AMPL200021",0.90215194046332,0.931930686497494,0.925114408488521,0.942592467936824,0.832151815742773,0.896551654222061,0.922924068985728,0.823173583175062,0.0952691680261012,"Normal"
"AMPL200043",0.729119441367814,0.725715680681441,0.68744100352601,0.708308362058055,0.558960827486496,0.629593654020788,0.685179496738218,0.4782182123964,0.00163132137030997,"Normal"
"AMPL200045",0.928732329394139,0.879296500079191,0.71956283131342,0.663792672563407,0.422911084332978,0.521726581337849,0.587536136062512,0.603398636421923,0.0166394779771615,"Normal"
"AMPL200057",0.907457328879226,0.883049830127502,0.881811031151735,0.890489329339548,0.743316102929825,0.802199313890482,0.839335459542912,0.761365511422123,0.0239804241435563,"Normal"
"AMPL200081",0.891395797843972,0.898271247437778,0.769943392007492,0.782328270918229,0.070008546862703,0.388959927845852,0.568559506395055,0.282977346153763,0.00114192495921694,"Normal"
"AMPL200083",0.930670989184142,0.618256733083696,0.526469899863425,0.497910772746619,0.265349579845023,0.351127938810983,0.403701270594144,0.208337224871885,0.0448613376835236,"Normal"
"AMPL200093",0.936228876593784,0.933684427568327,0.915300561645944,0.936897524789876,0.492883944588314,0.768586073648651,0.883513718960149,0.411193811488383,0.00195758564437198,"Normal"
"AMPL200104",0.879922799670033,0.927465027119931,0.869334879065395,0.76587517468912,0.282496809205821,0.465065911874194,0.57794297640181,0.182554110009426,0.00995106035889071,"Normal"
"AMPL200127",0.24932223808601,0.377201579137536,0.368142716099,0.378985140065556,0.05217764405626,0.064007383214336,0.069455644211838,0.06216125084132,0.0432300163132137,"Normal"
"AMPL200135",0.804064258760016,0.88074937187406,0.850537317079278,0.830315524837012,0.073831760848816,0.165326579971909,0.192799077831904,0.078925109912376,0.00309951060358893,"Normal"
"AMPL200138",0.900162442665758,0.933701702799728,0.883452035776465,0.89458205826333,0.444741968690069,0.637382322023766,0.692885395659904,0.314594389273481,0.00195758564437198,"Normal"
"AMPL200165",0.769304588963642,0.873177104472529,0.866368763496317,0.898997112951546,0.195789022180741,0.628585831273026,0.852300107369336,0.367283688512654,0.204078303425775,"Normal"
"AMPL200166",0.812409087345103,0.348560949020793,0.160186533121837,0.164647906521745,0.069879723038218,0.144046209242181,0.174115235854902,0.186315416416649,0.0230016313213703,"Normal"
"AMPL200168",0.925672417294581,0.920383367142592,0.90884743400603,0.910193398003225,0.544523352376313,0.750639646559042,0.863395813421418,0.514217816491712,0.000489396411093024,"Normal"
"AMPL200221",0.949290610617349,0.939331013964436,0.922586338974682,0.933986351446902,0.610651385173339,0.7853227206854,0.880892658428234,0.467494550084215,0,"Normal"
"AMPL200226",0.945395644988629,0.957103904091129,0.946661933200391,0.955210577964788,0.669381848798867,0.862062635251485,0.927629991853604,0.54318930690564,0.000652528548124032,"Normal"
"AMPL200232",0.90474132638936,0.913055517770443,0.897096466636645,0.901003470481187,0.583393445811699,0.789645061610252,0.861940779781166,0.599292045278274,0.0376835236541598,"Normal"
"AMPL200252",0.911464386504012,0.908487027882737,0.887112672013386,0.893551176497607,0.739169100632083,0.824787813861041,0.877180800516068,0.659487589506968,0.0218597063621534,"Normal"
"AMPL200274",0.486351929497909,0.080753569840703,0.064468576717701,0.080364407838167,0.116062291860198,0.099600275899329,0.100349525751921,0.547000789868571,0.035562805872757,"Normal"
"AMPL200280",0.835025097798417,0.867807392861223,0.865586353467529,0.887978157997434,0.641136240588099,0.568239787429296,0.536664548114797,0.497405869505049,0.00228384991843389,"Normal"
"AMPL200341",0.907608269000179,0.908853899570955,0.898119708107965,0.910438695030836,0.395860864657784,0.695084669036767,0.826691729359743,0.231389299848146,0.193311582381729,"Normal"
"AMPL200362",0.119099606914973,0.331741622625397,0.359978743034424,0.360180153032779,0.452909430231424,0.383679030247398,0.348572084704867,0.741534136180257,0.101468189233279,"Normal"
"AMPL200374",0.934904922686712,0.933938501445528,0.909297347681839,0.923848192275437,0.544186145057759,0.425524349820342,0.375760302369886,0.710285219708288,0.0851549755301795,"Normal"
"AMPL200409",0.800774175212052,0.800815717371794,0.749281135411288,0.785680457751719,0.537152199935599,0.69180646285051,0.758191468974464,0.458112620400473,0.0146818923327896,"Normal"
"AMPL200436",0.915419613199567,0.927716582469495,0.916483677974112,0.927096229178896,0.601745428858485,0.802209454382963,0.858796831147467,0.637249014834512,0.0939641109298531,"Normal"
"AMPL200461",0.220300829263881,0.397854048909654,0.374656307083786,0.410972490349533,0.59319142674202,0.488528462241767,0.446530502116634,0.758491935055404,0.125285481239804,"Normal"
"AMPL200463",0.878611713616807,0.916845726717891,0.912075660782805,0.921634366574967,0.618391681343978,0.776082781240397,0.856516765197157,0.369594698560653,0.0422512234910277,"Normal"
"AMPL200495",0.824946822181749,0.862583766812713,0.810022224402689,0.820913032100683,0.584484462640976,0.718623025549036,0.778775843548641,0.677355207138027,0.00831973898858074,"Normal"
"AMPL204650",0.898977741953705,0.372901828342628,0.113581523308501,0.080004364470087,0.059094847862151,0.06577829945428,0.068585658768536,0.076545922075777,0.143393148450245,"Normal"
